Male,22,PlayStation,15,Part - time Employee
Male,23,PlayStation,14,Part - time Employee
Male,20,PC,11,Student
Female,20,PC,9,Student
Female,20,PC,8,Student
Male,22,PC,18,Part - time Employee
Male,22,PC,15,Student
Male,20,PC,20,Student
Female,20,PC,12,Student
Female,21,PlayStation,12,Student
Female,20,PC,9,Student
Female,24,Xbox,6,Student
Male,18,Xbox,19,Student
Male,20,Xbox,16,Student
Female,18,PC,7,Student
Male,19,PC,17,Part - time Employee
Female,21,PC,7,Student
Male,30,PC,5,Full - time Employee
Male,20,PC,18,Student
Female,27,PC,1,Full - time Employee
Male,19,PC,17,Student
Male,29,PC,3,Full - time Employee
Female,20,Xbox,6,Student
Female,22,PC,5,Student
Female,20,PC,8,Student
Male,27,PC,8,Full - time Employee
Female,25,PlayStation,3,Part - time Employee
Male,21,PC,17,Student
Male,20,PC,18,Student
Female,21,PC,15,Part - time Employee
Male,32,Xbox,1,Full - time Employee
Male,21,PC,25,Student
Female,21,PC,7,Student
Male,18,Xbox,21,Student
Male,16,PC,18,Student
Male,24,PC,9,Full - time Employee
Female,27,PlayStation,3,Full - time Employee
Female,24,PC,3,Full - time Employee
Male,25,PC,13,Full - time Employee
Male,19,PC,23,Student
Male,20,PC,17,Student
Male,19,Xbox,20,Part - time Employee
Male,18,Xbox,28,Student
Male,19,PC,23,Student
Female,23,PlayStation,7,Student
Female,20,PlayStation,10,Student
Male,18,PC,21,Student
Female,23,PlayStation,7,Student
Male,29,PC,10,Full - time Employee
Female,23,PlayStation,7,Student
Male,18,Xbox,25,Student
Female,23,PlayStation,7,Student
Female,23,PlayStation,7,Student
Female,20,PC,8,Part - time Employee
Male,20,PC,20,Part - time Employee
Male,19,PlayStation,23,Student
Male,24,PC,11,Full - time Employee
Male,28,PC,9,Full - time Employee
Male,20,PC,23,Student
Male,19,PlayStation,21,Student
